Year,Round,EventName,LapNumber,TrackStatus
2023,1,Bahrain Grand Prix,1.0,12
2023,1,Bahrain Grand Prix,2.0,12
2023,1,Bahrain Grand Prix,3.0,1
2023,1,Bahrain Grand Prix,4.0,1
2023,1,Bahrain Grand Prix,5.0,1
2023,1,Bahrain Grand Prix,6.0,1
2023,1,Bahrain Grand Prix,7.0,1
2023,1,Bahrain Grand Prix,8.0,1
2023,1,Bahrain Grand Prix,9.0,1
2023,1,Bahrain Grand Prix,10.0,1
2023,1,Bahrain Grand Prix,11.0,1
2023,1,Bahrain Grand Prix,12.0,1
2023,1,Bahrain Grand Prix,13.0,1
2023,1,Bahrain Grand Prix,14.0,1
2023,1,Bahrain Grand Prix,15.0,1
2023,1,Bahrain Grand Prix,16.0,1
2023,1,Bahrain Grand Prix,17.0,1
2023,1,Bahrain Grand Prix,18.0,1
2023,1,Bahrain Grand Prix,19.0,1
2023,1,Bahrain Grand Prix,20.0,1
2023,1,Bahrain Grand Prix,21.0,1
2023,1,Bahrain Grand Prix,22.0,1
2023,1,Bahrain Grand Prix,23.0,1
2023,1,Bahrain Grand Prix,24.0,1
2023,1,Bahrain Grand Prix,25.0,1
2023,1,Bahrain Grand Prix,26.0,1
2023,1,Bahrain Grand Prix,27.0,1
2023,1,Bahrain Grand Prix,28.0,1
2023,1,Bahrain Grand Prix,29.0,1
2023,1,Bahrain Grand Prix,30.0,1
2023,1,Bahrain Grand Prix,31.0,1
2023,1,Bahrain Grand Prix,32.0,1
2023,1,Bahrain Grand Prix,33.0,1
2023,1,Bahrain Grand Prix,34.0,1
2023,1,Bahrain Grand Prix,35.0,1
2023,1,Bahrain Grand Prix,36.0,1
2023,1,Bahrain Grand Prix,37.0,1
2023,1,Bahrain Grand Prix,38.0,1
2023,1,Bahrain Grand Prix,39.0,1
2023,1,Bahrain Grand Prix,40.0,1
2023,1,Bahrain Grand Prix,41.0,126
2023,1,Bahrain Grand Prix,42.0,671
2023,1,Bahrain Grand Prix,43.0,1
2023,1,Bahrain Grand Prix,44.0,1
2023,1,Bahrain Grand Prix,45.0,1
2023,1,Bahrain Grand Prix,46.0,1
2023,1,Bahrain Grand Prix,47.0,1
2023,1,Bahrain Grand Prix,48.0,1
2023,1,Bahrain Grand Prix,49.0,1
2023,1,Bahrain Grand Prix,50.0,1
2023,1,Bahrain Grand Prix,51.0,1
2023,1,Bahrain Grand Prix,52.0,1
2023,1,Bahrain Grand Prix,53.0,1
2023,1,Bahrain Grand Prix,54.0,1
2023,1,Bahrain Grand Prix,55.0,1
2023,1,Bahrain Grand Prix,56.0,1
2023,1,Bahrain Grand Prix,57.0,1
2023,1,Bahrain Grand Prix,2.0,21
2023,1,Bahrain Grand Prix,40.0,126
2023,1,Bahrain Grand Prix,41.0,671
2023,1,Bahrain Grand Prix,42.0,1
2023,1,Bahrain Grand Prix,40.0,12
2023,1,Bahrain Grand Prix,41.0,2671
2023,1,Bahrain Grand Prix,39.0,12
2023,1,Bahrain Grand Prix,40.0,2671
2023,1,Bahrain Grand Prix,41.0,1
2023,2,Saudi Arabian Grand Prix,1.0,1
2023,2,Saudi Arabian Grand Prix,2.0,1
2023,2,Saudi Arabian Grand Prix,3.0,1
2023,2,Saudi Arabian Grand Prix,4.0,1
2023,2,Saudi Arabian Grand Prix,5.0,1
2023,2,Saudi Arabian Grand Prix,6.0,1
2023,2,Saudi Arabian Grand Prix,7.0,1
2023,2,Saudi Arabian Grand Prix,8.0,1
2023,2,Saudi Arabian Grand Prix,9.0,1
2023,2,Saudi Arabian Grand Prix,10.0,1
2023,2,Saudi Arabian Grand Prix,11.0,1
2023,2,Saudi Arabian Grand Prix,12.0,1
2023,2,Saudi Arabian Grand Prix,13.0,1
2023,2,Saudi Arabian Grand Prix,14.0,1
2023,2,Saudi Arabian Grand Prix,15.0,1
2023,2,Saudi Arabian Grand Prix,16.0,1
2023,2,Saudi Arabian Grand Prix,17.0,12
2023,2,Saudi Arabian Grand Prix,18.0,24
2023,2,Saudi Arabian Grand Prix,19.0,4
2023,2,Saudi Arabian Grand Prix,20.0,41
2023,2,Saudi Arabian Grand Prix,21.0,1
2023,2,Saudi Arabian Grand Prix,22.0,1
2023,2,Saudi Arabian Grand Prix,23.0,1
2023,2,Saudi Arabian Grand Prix,24.0,1
2023,2,Saudi Arabian Grand Prix,25.0,1
2023,2,Saudi Arabian Grand Prix,26.0,1
2023,2,Saudi Arabian Grand Prix,27.0,1
2023,2,Saudi Arabian Grand Prix,28.0,1
2023,2,Saudi Arabian Grand Prix,29.0,1
2023,2,Saudi Arabian Grand Prix,30.0,1
2023,2,Saudi Arabian Grand Prix,31.0,1
2023,2,Saudi Arabian Grand Prix,32.0,1
2023,2,Saudi Arabian Grand Prix,33.0,1
2023,2,Saudi Arabian Grand Prix,34.0,1
2023,2,Saudi Arabian Grand Prix,35.0,1
2023,2,Saudi Arabian Grand Prix,36.0,1
2023,2,Saudi Arabian Grand Prix,37.0,1
2023,2,Saudi Arabian Grand Prix,38.0,1
2023,2,Saudi Arabian Grand Prix,39.0,1
2023,2,Saudi Arabian Grand Prix,40.0,1
2023,2,Saudi Arabian Grand Prix,41.0,1
2023,2,Saudi Arabian Grand Prix,42.0,1
2023,2,Saudi Arabian Grand Prix,43.0,1
2023,2,Saudi Arabian Grand Prix,44.0,1
2023,2,Saudi Arabian Grand Prix,45.0,1
2023,2,Saudi Arabian Grand Prix,46.0,1
2023,2,Saudi Arabian Grand Prix,47.0,1
2023,2,Saudi Arabian Grand Prix,48.0,1
2023,2,Saudi Arabian Grand Prix,49.0,1
2023,2,Saudi Arabian Grand Prix,50.0,1
2023,2,Saudi Arabian Grand Prix,17.0,124
2023,2,Saudi Arabian Grand Prix,18.0,4
2023,3,Australian Grand Prix,1.0,124
2023,3,Australian Grand Prix,2.0,4
2023,3,Australian Grand Prix,3.0,41
2023,3,Australian Grand Prix,4.0,1
2023,3,Australian Grand Prix,5.0,1
2023,3,Australian Grand Prix,6.0,1
2023,3,Australian Grand Prix,7.0,124
2023,3,Australian Grand Prix,8.0,451
2023,3,Australian Grand Prix,9.0,1
2023,3,Australian Grand Prix,10.0,1
2023,3,Australian Grand Prix,11.0,1
2023,3,Australian Grand Prix,12.0,1
2023,3,Australian Grand Prix,13.0,1
2023,3,Australian Grand Prix,14.0,1
2023,3,Australian Grand Prix,15.0,1
2023,3,Australian Grand Prix,16.0,1
2023,3,Australian Grand Prix,17.0,1
2023,3,Australian Grand Prix,18.0,16
2023,3,Australian Grand Prix,19.0,671
2023,3,Australian Grand Prix,20.0,1
2023,3,Australian Grand Prix,21.0,1
2023,3,Australian Grand Prix,22.0,1
2023,3,Australian Grand Prix,23.0,1
2023,3,Australian Grand Prix,24.0,1
2023,3,Australian Grand Prix,25.0,1
2023,3,Australian Grand Prix,26.0,1
2023,3,Australian Grand Prix,27.0,1
2023,3,Australian Grand Prix,28.0,1
2023,3,Australian Grand Prix,29.0,1
2023,3,Australian Grand Prix,30.0,1
2023,3,Australian Grand Prix,31.0,1
2023,3,Australian Grand Prix,32.0,1
2023,3,Australian Grand Prix,33.0,1
2023,3,Australian Grand Prix,34.0,1
2023,3,Australian Grand Prix,35.0,1
2023,3,Australian Grand Prix,36.0,1
2023,3,Australian Grand Prix,37.0,1
2023,3,Australian Grand Prix,38.0,1
2023,3,Australian Grand Prix,39.0,1
2023,3,Australian Grand Prix,40.0,1
2023,3,Australian Grand Prix,41.0,1
2023,3,Australian Grand Prix,42.0,1
2023,3,Australian Grand Prix,43.0,1
2023,3,Australian Grand Prix,44.0,1
2023,3,Australian Grand Prix,45.0,1
2023,3,Australian Grand Prix,46.0,1
2023,3,Australian Grand Prix,47.0,1
2023,3,Australian Grand Prix,48.0,1
2023,3,Australian Grand Prix,49.0,1
2023,3,Australian Grand Prix,50.0,1
2023,3,Australian Grand Prix,51.0,1
2023,3,Australian Grand Prix,52.0,1
2023,3,Australian Grand Prix,53.0,12
2023,3,Australian Grand Prix,54.0,214
2023,3,Australian Grand Prix,55.0,45
2023,3,Australian Grand Prix,56.0,1
2023,3,Australian Grand Prix,57.0,125
2023,3,Australian Grand Prix,58.0,1
2023,3,Australian Grand Prix,54.0,14
2023,3,Australian Grand Prix,55.0,451
2023,3,Australian Grand Prix,57.0,12
2023,3,Australian Grand Prix,52.0,12
2023,3,Australian Grand Prix,53.0,14
2023,3,Australian Grand Prix,54.0,45
2023,3,Australian Grand Prix,55.0,51
2023,3,Australian Grand Prix,53.0,124
2023,3,Australian Grand Prix,54.0,4
2023,3,Australian Grand Prix,8.0,45
2023,3,Australian Grand Prix,18.0,16724
2023,4,Azerbaijan Grand Prix,1.0,12
2023,4,Azerbaijan Grand Prix,2.0,1
2023,4,Azerbaijan Grand Prix,3.0,1
2023,4,Azerbaijan Grand Prix,4.0,1
2023,4,Azerbaijan Grand Prix,5.0,1
2023,4,Azerbaijan Grand Prix,6.0,1
2023,4,Azerbaijan Grand Prix,7.0,1
2023,4,Azerbaijan Grand Prix,8.0,1
2023,4,Azerbaijan Grand Prix,9.0,1
2023,4,Azerbaijan Grand Prix,10.0,12
2023,4,Azerbaijan Grand Prix,11.0,24
2023,4,Azerbaijan Grand Prix,12.0,4
2023,4,Azerbaijan Grand Prix,13.0,41
2023,4,Azerbaijan Grand Prix,14.0,1
2023,4,Azerbaijan Grand Prix,15.0,1
2023,4,Azerbaijan Grand Prix,16.0,1
2023,4,Azerbaijan Grand Prix,17.0,12
2023,4,Azerbaijan Grand Prix,18.0,1
2023,4,Azerbaijan Grand Prix,19.0,1
2023,4,Azerbaijan Grand Prix,20.0,1
2023,4,Azerbaijan Grand Prix,21.0,1
2023,4,Azerbaijan Grand Prix,22.0,1
2023,4,Azerbaijan Grand Prix,23.0,1
2023,4,Azerbaijan Grand Prix,24.0,1
2023,4,Azerbaijan Grand Prix,25.0,1
2023,4,Azerbaijan Grand Prix,26.0,1
2023,4,Azerbaijan Grand Prix,27.0,1
2023,4,Azerbaijan Grand Prix,28.0,1
2023,4,Azerbaijan Grand Prix,29.0,1
2023,4,Azerbaijan Grand Prix,30.0,1
2023,4,Azerbaijan Grand Prix,31.0,1
2023,4,Azerbaijan Grand Prix,32.0,1
2023,4,Azerbaijan Grand Prix,33.0,1
2023,4,Azerbaijan Grand Prix,34.0,1
2023,4,Azerbaijan Grand Prix,35.0,1
2023,4,Azerbaijan Grand Prix,36.0,1
2023,4,Azerbaijan Grand Prix,37.0,1
2023,4,Azerbaijan Grand Prix,38.0,1
2023,4,Azerbaijan Grand Prix,39.0,1
2023,4,Azerbaijan Grand Prix,40.0,1
2023,4,Azerbaijan Grand Prix,41.0,1
2023,4,Azerbaijan Grand Prix,42.0,1
2023,4,Azerbaijan Grand Prix,43.0,1
2023,4,Azerbaijan Grand Prix,44.0,1
2023,4,Azerbaijan Grand Prix,45.0,1
2023,4,Azerbaijan Grand Prix,46.0,1
2023,4,Azerbaijan Grand Prix,47.0,1
2023,4,Azerbaijan Grand Prix,48.0,1
2023,4,Azerbaijan Grand Prix,49.0,12
2023,4,Azerbaijan Grand Prix,50.0,1
2023,4,Azerbaijan Grand Prix,51.0,1
2023,4,Azerbaijan Grand Prix,10.0,124
2023,4,Azerbaijan Grand Prix,11.0,4
2023,4,Azerbaijan Grand Prix,48.0,12
2023,4,Azerbaijan Grand Prix,49.0,1
2023,5,Miami Grand Prix,1.0,1
2023,5,Miami Grand Prix,2.0,1
2023,5,Miami Grand Prix,3.0,1
2023,5,Miami Grand Prix,4.0,1
2023,5,Miami Grand Prix,5.0,1
2023,5,Miami Grand Prix,6.0,1
2023,5,Miami Grand Prix,7.0,1
2023,5,Miami Grand Prix,8.0,1
2023,5,Miami Grand Prix,9.0,1
2023,5,Miami Grand Prix,10.0,1
2023,5,Miami Grand Prix,11.0,1
2023,5,Miami Grand Prix,12.0,1
2023,5,Miami Grand Prix,13.0,1
2023,5,Miami Grand Prix,14.0,1
2023,5,Miami Grand Prix,15.0,1
2023,5,Miami Grand Prix,16.0,1
2023,5,Miami Grand Prix,17.0,1
2023,5,Miami Grand Prix,18.0,1
2023,5,Miami Grand Prix,19.0,1
2023,5,Miami Grand Prix,20.0,1
2023,5,Miami Grand Prix,21.0,1
2023,5,Miami Grand Prix,22.0,1
2023,5,Miami Grand Prix,23.0,1
2023,5,Miami Grand Prix,24.0,1
2023,5,Miami Grand Prix,25.0,1
2023,5,Miami Grand Prix,26.0,1
2023,5,Miami Grand Prix,27.0,1
2023,5,Miami Grand Prix,28.0,1
2023,5,Miami Grand Prix,29.0,1
2023,5,Miami Grand Prix,30.0,1
2023,5,Miami Grand Prix,31.0,1
2023,5,Miami Grand Prix,32.0,1
2023,5,Miami Grand Prix,33.0,1
2023,5,Miami Grand Prix,34.0,1
2023,5,Miami Grand Prix,35.0,1
2023,5,Miami Grand Prix,36.0,1
2023,5,Miami Grand Prix,37.0,1
2023,5,Miami Grand Prix,38.0,1
2023,5,Miami Grand Prix,39.0,1
2023,5,Miami Grand Prix,40.0,1
2023,5,Miami Grand Prix,41.0,1
2023,5,Miami Grand Prix,42.0,1
2023,5,Miami Grand Prix,43.0,1
2023,5,Miami Grand Prix,44.0,1
2023,5,Miami Grand Prix,45.0,1
2023,5,Miami Grand Prix,46.0,1
2023,5,Miami Grand Prix,47.0,1
2023,5,Miami Grand Prix,48.0,1
2023,5,Miami Grand Prix,49.0,1
2023,5,Miami Grand Prix,50.0,1
2023,5,Miami Grand Prix,51.0,1
2023,5,Miami Grand Prix,52.0,1
2023,5,Miami Grand Prix,53.0,1
2023,5,Miami Grand Prix,54.0,1
2023,5,Miami Grand Prix,55.0,1
2023,5,Miami Grand Prix,56.0,1
2023,5,Miami Grand Prix,57.0,1
2023,6,Monaco Grand Prix,1.0,12
2023,6,Monaco Grand Prix,2.0,1
2023,6,Monaco Grand Prix,3.0,1
2023,6,Monaco Grand Prix,4.0,1
2023,6,Monaco Grand Prix,5.0,1
2023,6,Monaco Grand Prix,6.0,1
2023,6,Monaco Grand Prix,7.0,1
2023,6,Monaco Grand Prix,8.0,1
2023,6,Monaco Grand Prix,9.0,1
2023,6,Monaco Grand Prix,10.0,1
2023,6,Monaco Grand Prix,11.0,1
2023,6,Monaco Grand Prix,12.0,12
2023,6,Monaco Grand Prix,13.0,21
2023,6,Monaco Grand Prix,14.0,12
2023,6,Monaco Grand Prix,15.0,21
2023,6,Monaco Grand Prix,16.0,1
2023,6,Monaco Grand Prix,17.0,1
2023,6,Monaco Grand Prix,18.0,1
2023,6,Monaco Grand Prix,19.0,1
2023,6,Monaco Grand Prix,20.0,1
2023,6,Monaco Grand Prix,21.0,1
2023,6,Monaco Grand Prix,22.0,1
2023,6,Monaco Grand Prix,23.0,1
2023,6,Monaco Grand Prix,24.0,1
2023,6,Monaco Grand Prix,25.0,1
2023,6,Monaco Grand Prix,26.0,1
2023,6,Monaco Grand Prix,27.0,1
2023,6,Monaco Grand Prix,28.0,1
2023,6,Monaco Grand Prix,29.0,1
2023,6,Monaco Grand Prix,30.0,1
2023,6,Monaco Grand Prix,31.0,1
2023,6,Monaco Grand Prix,32.0,1
2023,6,Monaco Grand Prix,33.0,1
2023,6,Monaco Grand Prix,34.0,1
2023,6,Monaco Grand Prix,35.0,1
2023,6,Monaco Grand Prix,36.0,1
2023,6,Monaco Grand Prix,37.0,1
2023,6,Monaco Grand Prix,38.0,1
2023,6,Monaco Grand Prix,39.0,1
2023,6,Monaco Grand Prix,40.0,1
2023,6,Monaco Grand Prix,41.0,1
2023,6,Monaco Grand Prix,42.0,1
2023,6,Monaco Grand Prix,43.0,1
2023,6,Monaco Grand Prix,44.0,1
2023,6,Monaco Grand Prix,45.0,1
2023,6,Monaco Grand Prix,46.0,1
2023,6,Monaco Grand Prix,47.0,1
2023,6,Monaco Grand Prix,48.0,1
2023,6,Monaco Grand Prix,49.0,1
2023,6,Monaco Grand Prix,50.0,1
2023,6,Monaco Grand Prix,51.0,1
2023,6,Monaco Grand Prix,52.0,1
2023,6,Monaco Grand Prix,53.0,1
2023,6,Monaco Grand Prix,54.0,1
2023,6,Monaco Grand Prix,55.0,12
2023,6,Monaco Grand Prix,56.0,21
2023,6,Monaco Grand Prix,57.0,1
2023,6,Monaco Grand Prix,58.0,12
2023,6,Monaco Grand Prix,59.0,12
2023,6,Monaco Grand Prix,60.0,12
2023,6,Monaco Grand Prix,61.0,12
2023,6,Monaco Grand Prix,62.0,1
2023,6,Monaco Grand Prix,63.0,1
2023,6,Monaco Grand Prix,64.0,1
2023,6,Monaco Grand Prix,65.0,1
2023,6,Monaco Grand Prix,66.0,1
2023,6,Monaco Grand Prix,67.0,1
2023,6,Monaco Grand Prix,68.0,1
2023,6,Monaco Grand Prix,69.0,12
2023,6,Monaco Grand Prix,70.0,1
2023,6,Monaco Grand Prix,71.0,1
2023,6,Monaco Grand Prix,72.0,1
2023,6,Monaco Grand Prix,73.0,1
2023,6,Monaco Grand Prix,74.0,1
2023,6,Monaco Grand Prix,75.0,1
2023,6,Monaco Grand Prix,76.0,1
2023,6,Monaco Grand Prix,77.0,1
2023,6,Monaco Grand Prix,78.0,1
2023,6,Monaco Grand Prix,13.0,1
2023,6,Monaco Grand Prix,15.0,1
2023,6,Monaco Grand Prix,54.0,12
2023,6,Monaco Grand Prix,55.0,21
2023,6,Monaco Grand Prix,60.0,21
2023,6,Monaco Grand Prix,68.0,12
2023,6,Monaco Grand Prix,69.0,21
2023,6,Monaco Grand Prix,11.0,12
2023,6,Monaco Grand Prix,12.0,21
2023,6,Monaco Grand Prix,56.0,1
2023,6,Monaco Grand Prix,57.0,12
2023,6,Monaco Grand Prix,59.0,21
2023,6,Monaco Grand Prix,61.0,1
2023,6,Monaco Grand Prix,67.0,12
2023,6,Monaco Grand Prix,68.0,21
2023,6,Monaco Grand Prix,69.0,1
2023,6,Monaco Grand Prix,53.0,12
2023,6,Monaco Grand Prix,54.0,21
2023,6,Monaco Grand Prix,55.0,1
2023,6,Monaco Grand Prix,56.0,12
2023,6,Monaco Grand Prix,60.0,1
2023,6,Monaco Grand Prix,57.0,21
2023,6,Monaco Grand Prix,66.0,12
2023,6,Monaco Grand Prix,58.0,21
2023,7,Spanish Grand Prix,1.0,1
2023,7,Spanish Grand Prix,2.0,1
2023,7,Spanish Grand Prix,3.0,1
2023,7,Spanish Grand Prix,4.0,1
2023,7,Spanish Grand Prix,5.0,1
2023,7,Spanish Grand Prix,6.0,1
2023,7,Spanish Grand Prix,7.0,1
2023,7,Spanish Grand Prix,8.0,1
2023,7,Spanish Grand Prix,9.0,1
2023,7,Spanish Grand Prix,10.0,1
2023,7,Spanish Grand Prix,11.0,1
2023,7,Spanish Grand Prix,12.0,1
2023,7,Spanish Grand Prix,13.0,1
2023,7,Spanish Grand Prix,14.0,1
2023,7,Spanish Grand Prix,15.0,1
2023,7,Spanish Grand Prix,16.0,1
2023,7,Spanish Grand Prix,17.0,1
2023,7,Spanish Grand Prix,18.0,1
2023,7,Spanish Grand Prix,19.0,1
2023,7,Spanish Grand Prix,20.0,1
2023,7,Spanish Grand Prix,21.0,1
2023,7,Spanish Grand Prix,22.0,1
2023,7,Spanish Grand Prix,23.0,1
2023,7,Spanish Grand Prix,24.0,1
2023,7,Spanish Grand Prix,25.0,1
2023,7,Spanish Grand Prix,26.0,1
2023,7,Spanish Grand Prix,27.0,1
2023,7,Spanish Grand Prix,28.0,1
2023,7,Spanish Grand Prix,29.0,1
2023,7,Spanish Grand Prix,30.0,1
2023,7,Spanish Grand Prix,31.0,1
2023,7,Spanish Grand Prix,32.0,1
2023,7,Spanish Grand Prix,33.0,1
2023,7,Spanish Grand Prix,34.0,1
2023,7,Spanish Grand Prix,35.0,1
2023,7,Spanish Grand Prix,36.0,1
2023,7,Spanish Grand Prix,37.0,1
2023,7,Spanish Grand Prix,38.0,1
2023,7,Spanish Grand Prix,39.0,1
2023,7,Spanish Grand Prix,40.0,1
2023,7,Spanish Grand Prix,41.0,1
2023,7,Spanish Grand Prix,42.0,1
2023,7,Spanish Grand Prix,43.0,1
2023,7,Spanish Grand Prix,44.0,1
2023,7,Spanish Grand Prix,45.0,1
2023,7,Spanish Grand Prix,46.0,1
2023,7,Spanish Grand Prix,47.0,1
2023,7,Spanish Grand Prix,48.0,1
2023,7,Spanish Grand Prix,49.0,1
2023,7,Spanish Grand Prix,50.0,1
2023,7,Spanish Grand Prix,51.0,1
2023,7,Spanish Grand Prix,52.0,1
2023,7,Spanish Grand Prix,53.0,1
2023,7,Spanish Grand Prix,54.0,1
2023,7,Spanish Grand Prix,55.0,1
2023,7,Spanish Grand Prix,56.0,1
2023,7,Spanish Grand Prix,57.0,1
2023,7,Spanish Grand Prix,58.0,1
2023,7,Spanish Grand Prix,59.0,1
2023,7,Spanish Grand Prix,60.0,1
2023,7,Spanish Grand Prix,61.0,1
2023,7,Spanish Grand Prix,62.0,1
2023,7,Spanish Grand Prix,63.0,1
2023,7,Spanish Grand Prix,64.0,1
2023,7,Spanish Grand Prix,65.0,1
2023,7,Spanish Grand Prix,66.0,1
2023,8,Canadian Grand Prix,1.0,1
2023,8,Canadian Grand Prix,2.0,1
2023,8,Canadian Grand Prix,3.0,1
2023,8,Canadian Grand Prix,4.0,1
2023,8,Canadian Grand Prix,5.0,1
2023,8,Canadian Grand Prix,6.0,1
2023,8,Canadian Grand Prix,7.0,12
2023,8,Canadian Grand Prix,8.0,2671
2023,8,Canadian Grand Prix,9.0,1
2023,8,Canadian Grand Prix,10.0,1
2023,8,Canadian Grand Prix,11.0,1
2023,8,Canadian Grand Prix,12.0,124
2023,8,Canadian Grand Prix,13.0,4
2023,8,Canadian Grand Prix,14.0,4
2023,8,Canadian Grand Prix,15.0,4
2023,8,Canadian Grand Prix,16.0,41
2023,8,Canadian Grand Prix,17.0,1
2023,8,Canadian Grand Prix,18.0,1
2023,8,Canadian Grand Prix,19.0,1
2023,8,Canadian Grand Prix,20.0,1
2023,8,Canadian Grand Prix,21.0,1
2023,8,Canadian Grand Prix,22.0,1
2023,8,Canadian Grand Prix,23.0,1
2023,8,Canadian Grand Prix,24.0,1
2023,8,Canadian Grand Prix,25.0,1
2023,8,Canadian Grand Prix,26.0,1
2023,8,Canadian Grand Prix,27.0,1
2023,8,Canadian Grand Prix,28.0,1
2023,8,Canadian Grand Prix,29.0,12
2023,8,Canadian Grand Prix,30.0,1
2023,8,Canadian Grand Prix,31.0,1
2023,8,Canadian Grand Prix,32.0,1
2023,8,Canadian Grand Prix,33.0,1
2023,8,Canadian Grand Prix,34.0,1
2023,8,Canadian Grand Prix,35.0,12
2023,8,Canadian Grand Prix,36.0,21
2023,8,Canadian Grand Prix,37.0,1
2023,8,Canadian Grand Prix,38.0,1
2023,8,Canadian Grand Prix,39.0,1
2023,8,Canadian Grand Prix,40.0,1
2023,8,Canadian Grand Prix,41.0,1
2023,8,Canadian Grand Prix,42.0,1
2023,8,Canadian Grand Prix,43.0,1
2023,8,Canadian Grand Prix,44.0,1
2023,8,Canadian Grand Prix,45.0,1
2023,8,Canadian Grand Prix,46.0,1
2023,8,Canadian Grand Prix,47.0,1
2023,8,Canadian Grand Prix,48.0,1
2023,8,Canadian Grand Prix,49.0,1
2023,8,Canadian Grand Prix,50.0,1
2023,8,Canadian Grand Prix,51.0,1
2023,8,Canadian Grand Prix,52.0,1
2023,8,Canadian Grand Prix,53.0,1
2023,8,Canadian Grand Prix,54.0,1
2023,8,Canadian Grand Prix,55.0,1
2023,8,Canadian Grand Prix,56.0,1
2023,8,Canadian Grand Prix,57.0,1
2023,8,Canadian Grand Prix,58.0,1
2023,8,Canadian Grand Prix,59.0,1
2023,8,Canadian Grand Prix,60.0,1
2023,8,Canadian Grand Prix,61.0,1
2023,8,Canadian Grand Prix,62.0,1
2023,8,Canadian Grand Prix,63.0,1
2023,8,Canadian Grand Prix,64.0,1
2023,8,Canadian Grand Prix,65.0,1
2023,8,Canadian Grand Prix,66.0,1
2023,8,Canadian Grand Prix,67.0,1
2023,8,Canadian Grand Prix,68.0,1
2023,8,Canadian Grand Prix,69.0,1
2023,8,Canadian Grand Prix,70.0,1
2023,8,Canadian Grand Prix,7.0,126
2023,8,Canadian Grand Prix,8.0,671
2023,8,Canadian Grand Prix,28.0,12
2023,8,Canadian Grand Prix,29.0,1
2023,8,Canadian Grand Prix,34.0,12
2023,8,Canadian Grand Prix,35.0,21
2023,8,Canadian Grand Prix,36.0,1
2023,8,Canadian Grand Prix,7.0,1267
2023,8,Canadian Grand Prix,29.0,21
2023,9,Austrian Grand Prix,1.0,124
2023,9,Austrian Grand Prix,2.0,4
2023,9,Austrian Grand Prix,3.0,41
2023,9,Austrian Grand Prix,4.0,1
2023,9,Austrian Grand Prix,5.0,1
2023,9,Austrian Grand Prix,6.0,1
2023,9,Austrian Grand Prix,7.0,1
2023,9,Austrian Grand Prix,8.0,1
2023,9,Austrian Grand Prix,9.0,1
2023,9,Austrian Grand Prix,10.0,1
2023,9,Austrian Grand Prix,11.0,1
2023,9,Austrian Grand Prix,12.0,1
2023,9,Austrian Grand Prix,13.0,12
2023,9,Austrian Grand Prix,14.0,26
2023,9,Austrian Grand Prix,15.0,6
2023,9,Austrian Grand Prix,16.0,671
2023,9,Austrian Grand Prix,17.0,1
2023,9,Austrian Grand Prix,18.0,1
2023,9,Austrian Grand Prix,19.0,1
2023,9,Austrian Grand Prix,20.0,1
2023,9,Austrian Grand Prix,21.0,1
2023,9,Austrian Grand Prix,22.0,1
2023,9,Austrian Grand Prix,23.0,1
2023,9,Austrian Grand Prix,24.0,1
2023,9,Austrian Grand Prix,25.0,1
2023,9,Austrian Grand Prix,26.0,1
2023,9,Austrian Grand Prix,27.0,1
2023,9,Austrian Grand Prix,28.0,1
2023,9,Austrian Grand Prix,29.0,1
2023,9,Austrian Grand Prix,30.0,1
2023,9,Austrian Grand Prix,31.0,1
2023,9,Austrian Grand Prix,32.0,1
2023,9,Austrian Grand Prix,33.0,1
2023,9,Austrian Grand Prix,34.0,1
2023,9,Austrian Grand Prix,35.0,1
2023,9,Austrian Grand Prix,36.0,1
2023,9,Austrian Grand Prix,37.0,1
2023,9,Austrian Grand Prix,38.0,1
2023,9,Austrian Grand Prix,39.0,1
2023,9,Austrian Grand Prix,40.0,1
2023,9,Austrian Grand Prix,41.0,1
2023,9,Austrian Grand Prix,42.0,1
2023,9,Austrian Grand Prix,43.0,1
2023,9,Austrian Grand Prix,44.0,1
2023,9,Austrian Grand Prix,45.0,1
2023,9,Austrian Grand Prix,46.0,1
2023,9,Austrian Grand Prix,47.0,1
2023,9,Austrian Grand Prix,48.0,1
2023,9,Austrian Grand Prix,49.0,1
2023,9,Austrian Grand Prix,50.0,1
2023,9,Austrian Grand Prix,51.0,1
2023,9,Austrian Grand Prix,52.0,1
2023,9,Austrian Grand Prix,53.0,1
2023,9,Austrian Grand Prix,54.0,1
2023,9,Austrian Grand Prix,55.0,1
2023,9,Austrian Grand Prix,56.0,1
2023,9,Austrian Grand Prix,57.0,1
2023,9,Austrian Grand Prix,58.0,1
2023,9,Austrian Grand Prix,59.0,1
2023,9,Austrian Grand Prix,60.0,1
2023,9,Austrian Grand Prix,61.0,1
2023,9,Austrian Grand Prix,62.0,1
2023,9,Austrian Grand Prix,63.0,1
2023,9,Austrian Grand Prix,64.0,1
2023,9,Austrian Grand Prix,65.0,1
2023,9,Austrian Grand Prix,66.0,1
2023,9,Austrian Grand Prix,67.0,1
2023,9,Austrian Grand Prix,68.0,1
2023,9,Austrian Grand Prix,69.0,1
2023,9,Austrian Grand Prix,70.0,1
2023,9,Austrian Grand Prix,71.0,1
2023,9,Austrian Grand Prix,15.0,67
2023,9,Austrian Grand Prix,16.0,71
2023,9,Austrian Grand Prix,15.0,671
2023,9,Austrian Grand Prix,16.0,1
2023,9,Austrian Grand Prix,13.0,126
2023,10,British Grand Prix,1.0,1
2023,10,British Grand Prix,2.0,1
2023,10,British Grand Prix,3.0,1
2023,10,British Grand Prix,4.0,1
2023,10,British Grand Prix,5.0,1
2023,10,British Grand Prix,6.0,1
2023,10,British Grand Prix,7.0,1
2023,10,British Grand Prix,8.0,1
2023,10,British Grand Prix,9.0,1
2023,10,British Grand Prix,10.0,1
2023,10,British Grand Prix,11.0,1
2023,10,British Grand Prix,12.0,1
2023,10,British Grand Prix,13.0,1
2023,10,British Grand Prix,14.0,1
2023,10,British Grand Prix,15.0,1
2023,10,British Grand Prix,16.0,1
2023,10,British Grand Prix,17.0,1
2023,10,British Grand Prix,18.0,1
2023,10,British Grand Prix,19.0,1
2023,10,British Grand Prix,20.0,1
2023,10,British Grand Prix,21.0,1
2023,10,British Grand Prix,22.0,1
2023,10,British Grand Prix,23.0,1
2023,10,British Grand Prix,24.0,1
2023,10,British Grand Prix,25.0,1
2023,10,British Grand Prix,26.0,1
2023,10,British Grand Prix,27.0,1
2023,10,British Grand Prix,28.0,1
2023,10,British Grand Prix,29.0,1
2023,10,British Grand Prix,30.0,1
2023,10,British Grand Prix,31.0,1
2023,10,British Grand Prix,32.0,1
2023,10,British Grand Prix,33.0,1264
2023,10,British Grand Prix,34.0,4
2023,10,British Grand Prix,35.0,4
2023,10,British Grand Prix,36.0,4
2023,10,British Grand Prix,37.0,4
2023,10,British Grand Prix,38.0,41
2023,10,British Grand Prix,39.0,1
2023,10,British Grand Prix,40.0,1
2023,10,British Grand Prix,41.0,1
2023,10,British Grand Prix,42.0,1
2023,10,British Grand Prix,43.0,1
2023,10,British Grand Prix,44.0,1
2023,10,British Grand Prix,45.0,1
2023,10,British Grand Prix,46.0,1
2023,10,British Grand Prix,47.0,1
2023,10,British Grand Prix,48.0,1
2023,10,British Grand Prix,49.0,1
2023,10,British Grand Prix,50.0,1
2023,10,British Grand Prix,51.0,1
2023,10,British Grand Prix,52.0,1
2023,10,British Grand Prix,32.0,126
2023,10,British Grand Prix,33.0,64
2023,10,British Grand Prix,32.0,1264
2023,11,Hungarian Grand Prix,1.0,12
2023,11,Hungarian Grand Prix,2.0,1
2023,11,Hungarian Grand Prix,3.0,1
2023,11,Hungarian Grand Prix,4.0,1
2023,11,Hungarian Grand Prix,5.0,1
2023,11,Hungarian Grand Prix,6.0,1
2023,11,Hungarian Grand Prix,7.0,1
2023,11,Hungarian Grand Prix,8.0,1
2023,11,Hungarian Grand Prix,9.0,1
2023,11,Hungarian Grand Prix,10.0,1
2023,11,Hungarian Grand Prix,11.0,1
2023,11,Hungarian Grand Prix,12.0,1
2023,11,Hungarian Grand Prix,13.0,1
2023,11,Hungarian Grand Prix,14.0,1
2023,11,Hungarian Grand Prix,15.0,1
2023,11,Hungarian Grand Prix,16.0,1
2023,11,Hungarian Grand Prix,17.0,1
2023,11,Hungarian Grand Prix,18.0,1
2023,11,Hungarian Grand Prix,19.0,1
2023,11,Hungarian Grand Prix,20.0,1
2023,11,Hungarian Grand Prix,21.0,1
2023,11,Hungarian Grand Prix,22.0,1
2023,11,Hungarian Grand Prix,23.0,1
2023,11,Hungarian Grand Prix,24.0,1
2023,11,Hungarian Grand Prix,25.0,1
2023,11,Hungarian Grand Prix,26.0,1
2023,11,Hungarian Grand Prix,27.0,1
2023,11,Hungarian Grand Prix,28.0,1
2023,11,Hungarian Grand Prix,29.0,1
2023,11,Hungarian Grand Prix,30.0,1
2023,11,Hungarian Grand Prix,31.0,1
2023,11,Hungarian Grand Prix,32.0,1
2023,11,Hungarian Grand Prix,33.0,1
2023,11,Hungarian Grand Prix,34.0,1
2023,11,Hungarian Grand Prix,35.0,1
2023,11,Hungarian Grand Prix,36.0,1
2023,11,Hungarian Grand Prix,37.0,1
2023,11,Hungarian Grand Prix,38.0,1
2023,11,Hungarian Grand Prix,39.0,1
2023,11,Hungarian Grand Prix,40.0,1
2023,11,Hungarian Grand Prix,41.0,1
2023,11,Hungarian Grand Prix,42.0,1
2023,11,Hungarian Grand Prix,43.0,1
2023,11,Hungarian Grand Prix,44.0,1
2023,11,Hungarian Grand Prix,45.0,1
2023,11,Hungarian Grand Prix,46.0,1
2023,11,Hungarian Grand Prix,47.0,1
2023,11,Hungarian Grand Prix,48.0,1
2023,11,Hungarian Grand Prix,49.0,1
2023,11,Hungarian Grand Prix,50.0,1
2023,11,Hungarian Grand Prix,51.0,1
2023,11,Hungarian Grand Prix,52.0,1
2023,11,Hungarian Grand Prix,53.0,1
2023,11,Hungarian Grand Prix,54.0,1
2023,11,Hungarian Grand Prix,55.0,1
2023,11,Hungarian Grand Prix,56.0,1
2023,11,Hungarian Grand Prix,57.0,1
2023,11,Hungarian Grand Prix,58.0,1
2023,11,Hungarian Grand Prix,59.0,1
2023,11,Hungarian Grand Prix,60.0,1
2023,11,Hungarian Grand Prix,61.0,1
2023,11,Hungarian Grand Prix,62.0,1
2023,11,Hungarian Grand Prix,63.0,1
2023,11,Hungarian Grand Prix,64.0,1
2023,11,Hungarian Grand Prix,65.0,1
2023,11,Hungarian Grand Prix,66.0,1
2023,11,Hungarian Grand Prix,67.0,1
2023,11,Hungarian Grand Prix,68.0,1
2023,11,Hungarian Grand Prix,69.0,12
2023,11,Hungarian Grand Prix,70.0,1
2023,11,Hungarian Grand Prix,68.0,12
2023,11,Hungarian Grand Prix,69.0,1
2023,11,Hungarian Grand Prix,67.0,12
2023,11,Hungarian Grand Prix,68.0,21
2023,12,Belgian Grand Prix,1.0,1
2023,12,Belgian Grand Prix,2.0,12
2023,12,Belgian Grand Prix,3.0,21
2023,12,Belgian Grand Prix,4.0,1
2023,12,Belgian Grand Prix,5.0,1
2023,12,Belgian Grand Prix,6.0,1
2023,12,Belgian Grand Prix,7.0,1
2023,12,Belgian Grand Prix,8.0,1
2023,12,Belgian Grand Prix,9.0,1
2023,12,Belgian Grand Prix,10.0,1
2023,12,Belgian Grand Prix,11.0,1
2023,12,Belgian Grand Prix,12.0,1
2023,12,Belgian Grand Prix,13.0,1
2023,12,Belgian Grand Prix,14.0,1
2023,12,Belgian Grand Prix,15.0,1
2023,12,Belgian Grand Prix,16.0,1
2023,12,Belgian Grand Prix,17.0,1
2023,12,Belgian Grand Prix,18.0,1
2023,12,Belgian Grand Prix,19.0,1
2023,12,Belgian Grand Prix,20.0,1
2023,12,Belgian Grand Prix,21.0,1
2023,12,Belgian Grand Prix,22.0,1
2023,12,Belgian Grand Prix,23.0,1
2023,12,Belgian Grand Prix,24.0,1
2023,12,Belgian Grand Prix,25.0,1
2023,12,Belgian Grand Prix,26.0,1
2023,12,Belgian Grand Prix,27.0,1
2023,12,Belgian Grand Prix,28.0,1
2023,12,Belgian Grand Prix,29.0,1
2023,12,Belgian Grand Prix,30.0,1
2023,12,Belgian Grand Prix,31.0,1
2023,12,Belgian Grand Prix,32.0,1
2023,12,Belgian Grand Prix,33.0,1
2023,12,Belgian Grand Prix,34.0,1
2023,12,Belgian Grand Prix,35.0,1
2023,12,Belgian Grand Prix,36.0,1
2023,12,Belgian Grand Prix,37.0,1
2023,12,Belgian Grand Prix,38.0,1
2023,12,Belgian Grand Prix,39.0,1
2023,12,Belgian Grand Prix,40.0,1
2023,12,Belgian Grand Prix,41.0,1
2023,12,Belgian Grand Prix,42.0,1
2023,12,Belgian Grand Prix,43.0,1
2023,12,Belgian Grand Prix,44.0,1
2023,12,Belgian Grand Prix,44.0,12
2023,13,Dutch Grand Prix,1.0,1
2023,13,Dutch Grand Prix,2.0,1
2023,13,Dutch Grand Prix,3.0,1
2023,13,Dutch Grand Prix,4.0,1
2023,13,Dutch Grand Prix,5.0,1
2023,13,Dutch Grand Prix,6.0,1
2023,13,Dutch Grand Prix,7.0,1
2023,13,Dutch Grand Prix,8.0,1
2023,13,Dutch Grand Prix,9.0,1
2023,13,Dutch Grand Prix,10.0,1
2023,13,Dutch Grand Prix,11.0,1
2023,13,Dutch Grand Prix,12.0,1
2023,13,Dutch Grand Prix,13.0,1
2023,13,Dutch Grand Prix,14.0,1
2023,13,Dutch Grand Prix,15.0,1
2023,13,Dutch Grand Prix,16.0,124
2023,13,Dutch Grand Prix,17.0,4
2023,13,Dutch Grand Prix,18.0,4
2023,13,Dutch Grand Prix,19.0,4
2023,13,Dutch Grand Prix,20.0,4
2023,13,Dutch Grand Prix,21.0,41
2023,13,Dutch Grand Prix,22.0,1
2023,13,Dutch Grand Prix,23.0,1
2023,13,Dutch Grand Prix,24.0,1
2023,13,Dutch Grand Prix,25.0,1
2023,13,Dutch Grand Prix,26.0,1
2023,13,Dutch Grand Prix,27.0,1
2023,13,Dutch Grand Prix,28.0,1
2023,13,Dutch Grand Prix,29.0,1
2023,13,Dutch Grand Prix,30.0,1
2023,13,Dutch Grand Prix,31.0,1
2023,13,Dutch Grand Prix,32.0,1
2023,13,Dutch Grand Prix,33.0,1
2023,13,Dutch Grand Prix,34.0,1
2023,13,Dutch Grand Prix,35.0,1
2023,13,Dutch Grand Prix,36.0,1
2023,13,Dutch Grand Prix,37.0,1
2023,13,Dutch Grand Prix,38.0,1
2023,13,Dutch Grand Prix,39.0,1
2023,13,Dutch Grand Prix,40.0,1
2023,13,Dutch Grand Prix,41.0,1
2023,13,Dutch Grand Prix,42.0,1
2023,13,Dutch Grand Prix,43.0,1
2023,13,Dutch Grand Prix,44.0,1
2023,13,Dutch Grand Prix,45.0,1
2023,13,Dutch Grand Prix,46.0,1
2023,13,Dutch Grand Prix,47.0,1
2023,13,Dutch Grand Prix,48.0,1
2023,13,Dutch Grand Prix,49.0,1
2023,13,Dutch Grand Prix,50.0,1
2023,13,Dutch Grand Prix,51.0,1
2023,13,Dutch Grand Prix,52.0,1
2023,13,Dutch Grand Prix,53.0,1
2023,13,Dutch Grand Prix,54.0,1
2023,13,Dutch Grand Prix,55.0,1
2023,13,Dutch Grand Prix,56.0,1
2023,13,Dutch Grand Prix,57.0,1
2023,13,Dutch Grand Prix,58.0,1
2023,13,Dutch Grand Prix,59.0,1
2023,13,Dutch Grand Prix,60.0,1
2023,13,Dutch Grand Prix,61.0,1
2023,13,Dutch Grand Prix,62.0,1
2023,13,Dutch Grand Prix,63.0,12
2023,13,Dutch Grand Prix,64.0,265
2023,13,Dutch Grand Prix,65.0,14
2023,13,Dutch Grand Prix,66.0,41
2023,13,Dutch Grand Prix,67.0,1
2023,13,Dutch Grand Prix,68.0,1
2023,13,Dutch Grand Prix,69.0,1
2023,13,Dutch Grand Prix,70.0,1
2023,13,Dutch Grand Prix,71.0,1
2023,13,Dutch Grand Prix,72.0,1
2023,13,Dutch Grand Prix,62.0,12
2023,13,Dutch Grand Prix,63.0,216
2023,13,Dutch Grand Prix,64.0,65
2023,13,Dutch Grand Prix,63.0,126
2023,13,Dutch Grand Prix,64.0,651
2023,13,Dutch Grand Prix,15.0,12
2023,13,Dutch Grand Prix,16.0,24
2023,13,Dutch Grand Prix,63.0,1265
2023,13,Dutch Grand Prix,64.0,514
2023,13,Dutch Grand Prix,15.0,1246
2023,13,Dutch Grand Prix,63.0,265
2023,13,Dutch Grand Prix,65.0,4
2023,13,Dutch Grand Prix,64.0,51
2023,14,Italian Grand Prix,1.0,1
2023,14,Italian Grand Prix,2.0,1
2023,14,Italian Grand Prix,3.0,1
2023,14,Italian Grand Prix,4.0,1
2023,14,Italian Grand Prix,5.0,1
2023,14,Italian Grand Prix,6.0,1
2023,14,Italian Grand Prix,7.0,1
2023,14,Italian Grand Prix,8.0,1
2023,14,Italian Grand Prix,9.0,1
2023,14,Italian Grand Prix,10.0,1
2023,14,Italian Grand Prix,11.0,1
2023,14,Italian Grand Prix,12.0,1
2023,14,Italian Grand Prix,13.0,1
2023,14,Italian Grand Prix,14.0,1
2023,14,Italian Grand Prix,15.0,1
2023,14,Italian Grand Prix,16.0,1
2023,14,Italian Grand Prix,17.0,1
2023,14,Italian Grand Prix,18.0,1
2023,14,Italian Grand Prix,19.0,1
2023,14,Italian Grand Prix,20.0,1
2023,14,Italian Grand Prix,21.0,1
2023,14,Italian Grand Prix,22.0,1
2023,14,Italian Grand Prix,23.0,1
2023,14,Italian Grand Prix,24.0,1
2023,14,Italian Grand Prix,25.0,1
2023,14,Italian Grand Prix,26.0,1
2023,14,Italian Grand Prix,27.0,1
2023,14,Italian Grand Prix,28.0,1
2023,14,Italian Grand Prix,29.0,1
2023,14,Italian Grand Prix,30.0,1
2023,14,Italian Grand Prix,31.0,1
2023,14,Italian Grand Prix,32.0,1
2023,14,Italian Grand Prix,33.0,1
2023,14,Italian Grand Prix,34.0,1
2023,14,Italian Grand Prix,35.0,1
2023,14,Italian Grand Prix,36.0,1
2023,14,Italian Grand Prix,37.0,1
2023,14,Italian Grand Prix,38.0,1
2023,14,Italian Grand Prix,39.0,1
2023,14,Italian Grand Prix,40.0,1
2023,14,Italian Grand Prix,41.0,1
2023,14,Italian Grand Prix,42.0,1
2023,14,Italian Grand Prix,43.0,1
2023,14,Italian Grand Prix,44.0,1
2023,14,Italian Grand Prix,45.0,1
2023,14,Italian Grand Prix,46.0,1
2023,14,Italian Grand Prix,47.0,1
2023,14,Italian Grand Prix,48.0,1
2023,14,Italian Grand Prix,49.0,1
2023,14,Italian Grand Prix,50.0,1
2023,14,Italian Grand Prix,51.0,1
2023,15,Singapore Grand Prix,1.0,12
2023,15,Singapore Grand Prix,2.0,12
2023,15,Singapore Grand Prix,3.0,1
2023,15,Singapore Grand Prix,4.0,1
2023,15,Singapore Grand Prix,5.0,1
2023,15,Singapore Grand Prix,6.0,1
2023,15,Singapore Grand Prix,7.0,1
2023,15,Singapore Grand Prix,8.0,1
2023,15,Singapore Grand Prix,9.0,1
2023,15,Singapore Grand Prix,10.0,1
2023,15,Singapore Grand Prix,11.0,1
2023,15,Singapore Grand Prix,12.0,1
2023,15,Singapore Grand Prix,13.0,1
2023,15,Singapore Grand Prix,14.0,1
2023,15,Singapore Grand Prix,15.0,1
2023,15,Singapore Grand Prix,16.0,1
2023,15,Singapore Grand Prix,17.0,1
2023,15,Singapore Grand Prix,18.0,1
2023,15,Singapore Grand Prix,19.0,12
2023,15,Singapore Grand Prix,20.0,14
2023,15,Singapore Grand Prix,21.0,4
2023,15,Singapore Grand Prix,22.0,41
2023,15,Singapore Grand Prix,23.0,1
2023,15,Singapore Grand Prix,24.0,1
2023,15,Singapore Grand Prix,25.0,1
2023,15,Singapore Grand Prix,26.0,1
2023,15,Singapore Grand Prix,27.0,1
2023,15,Singapore Grand Prix,28.0,1
2023,15,Singapore Grand Prix,29.0,1
2023,15,Singapore Grand Prix,30.0,1
2023,15,Singapore Grand Prix,31.0,1
2023,15,Singapore Grand Prix,32.0,1
2023,15,Singapore Grand Prix,33.0,1
2023,15,Singapore Grand Prix,34.0,1
2023,15,Singapore Grand Prix,35.0,1
2023,15,Singapore Grand Prix,36.0,1
2023,15,Singapore Grand Prix,37.0,1
2023,15,Singapore Grand Prix,38.0,1
2023,15,Singapore Grand Prix,39.0,1
2023,15,Singapore Grand Prix,40.0,1
2023,15,Singapore Grand Prix,41.0,1
2023,15,Singapore Grand Prix,42.0,1
2023,15,Singapore Grand Prix,43.0,126
2023,15,Singapore Grand Prix,44.0,6
2023,15,Singapore Grand Prix,45.0,671
2023,15,Singapore Grand Prix,46.0,1
2023,15,Singapore Grand Prix,47.0,12
2023,15,Singapore Grand Prix,48.0,1
2023,15,Singapore Grand Prix,49.0,1
2023,15,Singapore Grand Prix,50.0,1
2023,15,Singapore Grand Prix,51.0,1
2023,15,Singapore Grand Prix,52.0,1
2023,15,Singapore Grand Prix,53.0,12
2023,15,Singapore Grand Prix,54.0,1
2023,15,Singapore Grand Prix,55.0,1
2023,15,Singapore Grand Prix,56.0,1
2023,15,Singapore Grand Prix,57.0,1
2023,15,Singapore Grand Prix,58.0,12
2023,15,Singapore Grand Prix,59.0,21
2023,15,Singapore Grand Prix,60.0,1
2023,15,Singapore Grand Prix,61.0,1
2023,15,Singapore Grand Prix,62.0,12
2023,15,Singapore Grand Prix,42.0,12
2023,15,Singapore Grand Prix,43.0,26
2023,15,Singapore Grand Prix,44.0,67
2023,15,Singapore Grand Prix,45.0,71
2023,15,Singapore Grand Prix,46.0,12
2023,15,Singapore Grand Prix,47.0,21
2023,15,Singapore Grand Prix,52.0,12
2023,15,Singapore Grand Prix,53.0,21
2023,15,Singapore Grand Prix,59.0,1
2023,15,Singapore Grand Prix,61.0,12
2023,15,Singapore Grand Prix,62.0,2
2023,15,Singapore Grand Prix,47.0,1
2023,15,Singapore Grand Prix,53.0,1
2023,15,Singapore Grand Prix,58.0,1
2023,15,Singapore Grand Prix,59.0,12
2023,15,Singapore Grand Prix,2.0,21
2023,15,Singapore Grand Prix,19.0,124
2023,15,Singapore Grand Prix,20.0,4
2023,15,Singapore Grand Prix,44.0,671
2023,15,Singapore Grand Prix,45.0,1
2023,15,Singapore Grand Prix,43.0,12
2023,15,Singapore Grand Prix,44.0,26
2023,16,Japanese Grand Prix,1.0,124
2023,16,Japanese Grand Prix,2.0,4
2023,16,Japanese Grand Prix,3.0,4
2023,16,Japanese Grand Prix,4.0,41
2023,16,Japanese Grand Prix,5.0,1
2023,16,Japanese Grand Prix,6.0,1
2023,16,Japanese Grand Prix,7.0,1
2023,16,Japanese Grand Prix,8.0,1
2023,16,Japanese Grand Prix,9.0,1
2023,16,Japanese Grand Prix,10.0,1
2023,16,Japanese Grand Prix,11.0,1
2023,16,Japanese Grand Prix,12.0,12
2023,16,Japanese Grand Prix,13.0,1
2023,16,Japanese Grand Prix,14.0,167
2023,16,Japanese Grand Prix,15.0,1
2023,16,Japanese Grand Prix,16.0,1
2023,16,Japanese Grand Prix,17.0,1
2023,16,Japanese Grand Prix,18.0,1
2023,16,Japanese Grand Prix,19.0,1
2023,16,Japanese Grand Prix,20.0,1
2023,16,Japanese Grand Prix,21.0,1
2023,16,Japanese Grand Prix,22.0,1
2023,16,Japanese Grand Prix,23.0,1
2023,16,Japanese Grand Prix,24.0,1
2023,16,Japanese Grand Prix,25.0,1
2023,16,Japanese Grand Prix,26.0,1
2023,16,Japanese Grand Prix,27.0,1
2023,16,Japanese Grand Prix,28.0,1
2023,16,Japanese Grand Prix,29.0,1
2023,16,Japanese Grand Prix,30.0,1
2023,16,Japanese Grand Prix,31.0,1
2023,16,Japanese Grand Prix,32.0,1
2023,16,Japanese Grand Prix,33.0,1
2023,16,Japanese Grand Prix,34.0,1
2023,16,Japanese Grand Prix,35.0,1
2023,16,Japanese Grand Prix,36.0,1
2023,16,Japanese Grand Prix,37.0,1
2023,16,Japanese Grand Prix,38.0,1
2023,16,Japanese Grand Prix,39.0,1
2023,16,Japanese Grand Prix,40.0,1
2023,16,Japanese Grand Prix,41.0,1
2023,16,Japanese Grand Prix,42.0,1
2023,16,Japanese Grand Prix,43.0,1
2023,16,Japanese Grand Prix,44.0,1
2023,16,Japanese Grand Prix,45.0,1
2023,16,Japanese Grand Prix,46.0,1
2023,16,Japanese Grand Prix,47.0,1
2023,16,Japanese Grand Prix,48.0,1
2023,16,Japanese Grand Prix,49.0,1
2023,16,Japanese Grand Prix,50.0,1
2023,16,Japanese Grand Prix,51.0,1
2023,16,Japanese Grand Prix,52.0,1
2023,16,Japanese Grand Prix,53.0,1
2023,16,Japanese Grand Prix,13.0,16
2023,16,Japanese Grand Prix,14.0,671
2023,16,Japanese Grand Prix,13.0,167
2023,16,Japanese Grand Prix,14.0,71
2023,16,Japanese Grand Prix,14.0,1
2023,17,Qatar Grand Prix,1.0,124
2023,17,Qatar Grand Prix,2.0,4
2023,17,Qatar Grand Prix,3.0,4
2023,17,Qatar Grand Prix,4.0,41
2023,17,Qatar Grand Prix,5.0,1
2023,17,Qatar Grand Prix,6.0,1
2023,17,Qatar Grand Prix,7.0,1
2023,17,Qatar Grand Prix,8.0,1
2023,17,Qatar Grand Prix,9.0,1
2023,17,Qatar Grand Prix,10.0,1
2023,17,Qatar Grand Prix,11.0,1
2023,17,Qatar Grand Prix,12.0,1
2023,17,Qatar Grand Prix,13.0,1
2023,17,Qatar Grand Prix,14.0,1
2023,17,Qatar Grand Prix,15.0,1
2023,17,Qatar Grand Prix,16.0,1
2023,17,Qatar Grand Prix,17.0,1
2023,17,Qatar Grand Prix,18.0,1
2023,17,Qatar Grand Prix,19.0,1
2023,17,Qatar Grand Prix,20.0,1
2023,17,Qatar Grand Prix,21.0,1
2023,17,Qatar Grand Prix,22.0,1
2023,17,Qatar Grand Prix,23.0,1
2023,17,Qatar Grand Prix,24.0,1
2023,17,Qatar Grand Prix,25.0,1
2023,17,Qatar Grand Prix,26.0,1
2023,17,Qatar Grand Prix,27.0,1
2023,17,Qatar Grand Prix,28.0,1
2023,17,Qatar Grand Prix,29.0,1
2023,17,Qatar Grand Prix,30.0,1
2023,17,Qatar Grand Prix,31.0,1
2023,17,Qatar Grand Prix,32.0,1
2023,17,Qatar Grand Prix,33.0,12
2023,17,Qatar Grand Prix,34.0,1
2023,17,Qatar Grand Prix,35.0,1
2023,17,Qatar Grand Prix,36.0,1
2023,17,Qatar Grand Prix,37.0,1
2023,17,Qatar Grand Prix,38.0,1
2023,17,Qatar Grand Prix,39.0,1
2023,17,Qatar Grand Prix,40.0,1
2023,17,Qatar Grand Prix,41.0,12
2023,17,Qatar Grand Prix,42.0,1
2023,17,Qatar Grand Prix,43.0,1
2023,17,Qatar Grand Prix,44.0,1
2023,17,Qatar Grand Prix,45.0,1
2023,17,Qatar Grand Prix,46.0,1
2023,17,Qatar Grand Prix,47.0,1
2023,17,Qatar Grand Prix,48.0,1
2023,17,Qatar Grand Prix,49.0,1
2023,17,Qatar Grand Prix,50.0,1
2023,17,Qatar Grand Prix,51.0,1
2023,17,Qatar Grand Prix,52.0,1
2023,17,Qatar Grand Prix,53.0,1
2023,17,Qatar Grand Prix,54.0,1
2023,17,Qatar Grand Prix,55.0,1
2023,17,Qatar Grand Prix,56.0,1
2023,17,Qatar Grand Prix,57.0,1
2023,17,Qatar Grand Prix,40.0,12
2023,17,Qatar Grand Prix,41.0,1
2023,17,Qatar Grand Prix,32.0,12
2023,17,Qatar Grand Prix,33.0,1
2023,17,Qatar Grand Prix,33.0,21
2023,18,United States Grand Prix,1.0,1
2023,18,United States Grand Prix,2.0,1
2023,18,United States Grand Prix,3.0,1
2023,18,United States Grand Prix,4.0,1
2023,18,United States Grand Prix,5.0,1
2023,18,United States Grand Prix,6.0,1
2023,18,United States Grand Prix,7.0,1
2023,18,United States Grand Prix,8.0,1
2023,18,United States Grand Prix,9.0,1
2023,18,United States Grand Prix,10.0,1
2023,18,United States Grand Prix,11.0,1
2023,18,United States Grand Prix,12.0,1
2023,18,United States Grand Prix,13.0,1
2023,18,United States Grand Prix,14.0,1
2023,18,United States Grand Prix,15.0,1
2023,18,United States Grand Prix,16.0,1
2023,18,United States Grand Prix,17.0,1
2023,18,United States Grand Prix,18.0,1
2023,18,United States Grand Prix,19.0,1
2023,18,United States Grand Prix,20.0,1
2023,18,United States Grand Prix,21.0,1
2023,18,United States Grand Prix,22.0,1
2023,18,United States Grand Prix,23.0,1
2023,18,United States Grand Prix,24.0,1
2023,18,United States Grand Prix,25.0,1
2023,18,United States Grand Prix,26.0,1
2023,18,United States Grand Prix,27.0,1
2023,18,United States Grand Prix,28.0,1
2023,18,United States Grand Prix,29.0,1
2023,18,United States Grand Prix,30.0,1
2023,18,United States Grand Prix,31.0,1
2023,18,United States Grand Prix,32.0,1
2023,18,United States Grand Prix,33.0,1
2023,18,United States Grand Prix,34.0,1
2023,18,United States Grand Prix,35.0,1
2023,18,United States Grand Prix,36.0,1
2023,18,United States Grand Prix,37.0,1
2023,18,United States Grand Prix,38.0,1
2023,18,United States Grand Prix,39.0,1
2023,18,United States Grand Prix,40.0,1
2023,18,United States Grand Prix,41.0,1
2023,18,United States Grand Prix,42.0,1
2023,18,United States Grand Prix,43.0,1
2023,18,United States Grand Prix,44.0,1
2023,18,United States Grand Prix,45.0,1
2023,18,United States Grand Prix,46.0,1
2023,18,United States Grand Prix,47.0,1
2023,18,United States Grand Prix,48.0,1
2023,18,United States Grand Prix,49.0,1
2023,18,United States Grand Prix,50.0,1
2023,18,United States Grand Prix,51.0,1
2023,18,United States Grand Prix,52.0,1
2023,18,United States Grand Prix,53.0,1
2023,18,United States Grand Prix,54.0,1
2023,18,United States Grand Prix,55.0,1
2023,18,United States Grand Prix,56.0,1
2023,18,United States Grand Prix,56.0,12
2023,19,Mexico City Grand Prix,1.0,12
2023,19,Mexico City Grand Prix,2.0,1
2023,19,Mexico City Grand Prix,3.0,1
2023,19,Mexico City Grand Prix,4.0,1
2023,19,Mexico City Grand Prix,5.0,167
2023,19,Mexico City Grand Prix,6.0,1
2023,19,Mexico City Grand Prix,7.0,1
2023,19,Mexico City Grand Prix,8.0,12
2023,19,Mexico City Grand Prix,9.0,1
2023,19,Mexico City Grand Prix,10.0,1
2023,19,Mexico City Grand Prix,11.0,1
2023,19,Mexico City Grand Prix,12.0,1
2023,19,Mexico City Grand Prix,13.0,1
2023,19,Mexico City Grand Prix,14.0,1
2023,19,Mexico City Grand Prix,15.0,1
2023,19,Mexico City Grand Prix,16.0,1
2023,19,Mexico City Grand Prix,17.0,1
2023,19,Mexico City Grand Prix,18.0,1
2023,19,Mexico City Grand Prix,19.0,1
2023,19,Mexico City Grand Prix,20.0,1
2023,19,Mexico City Grand Prix,21.0,1
2023,19,Mexico City Grand Prix,22.0,1
2023,19,Mexico City Grand Prix,23.0,1
2023,19,Mexico City Grand Prix,24.0,1
2023,19,Mexico City Grand Prix,25.0,1
2023,19,Mexico City Grand Prix,26.0,1
2023,19,Mexico City Grand Prix,27.0,1
2023,19,Mexico City Grand Prix,28.0,1
2023,19,Mexico City Grand Prix,29.0,1
2023,19,Mexico City Grand Prix,30.0,1
2023,19,Mexico City Grand Prix,31.0,1
2023,19,Mexico City Grand Prix,32.0,1
2023,19,Mexico City Grand Prix,33.0,124
2023,19,Mexico City Grand Prix,34.0,45
2023,19,Mexico City Grand Prix,35.0,14
2023,19,Mexico City Grand Prix,36.0,1
2023,19,Mexico City Grand Prix,37.0,1
2023,19,Mexico City Grand Prix,38.0,1
2023,19,Mexico City Grand Prix,39.0,1
2023,19,Mexico City Grand Prix,40.0,1
2023,19,Mexico City Grand Prix,41.0,1
2023,19,Mexico City Grand Prix,42.0,1
2023,19,Mexico City Grand Prix,43.0,1
2023,19,Mexico City Grand Prix,44.0,1
2023,19,Mexico City Grand Prix,45.0,1
2023,19,Mexico City Grand Prix,46.0,1
2023,19,Mexico City Grand Prix,47.0,1
2023,19,Mexico City Grand Prix,48.0,1
2023,19,Mexico City Grand Prix,49.0,12
2023,19,Mexico City Grand Prix,50.0,1
2023,19,Mexico City Grand Prix,51.0,1
2023,19,Mexico City Grand Prix,52.0,1
2023,19,Mexico City Grand Prix,53.0,1
2023,19,Mexico City Grand Prix,54.0,1
2023,19,Mexico City Grand Prix,55.0,1
2023,19,Mexico City Grand Prix,56.0,1
2023,19,Mexico City Grand Prix,57.0,1
2023,19,Mexico City Grand Prix,58.0,1
2023,19,Mexico City Grand Prix,59.0,1
2023,19,Mexico City Grand Prix,60.0,1
2023,19,Mexico City Grand Prix,61.0,1
2023,19,Mexico City Grand Prix,62.0,1
2023,19,Mexico City Grand Prix,63.0,1
2023,19,Mexico City Grand Prix,64.0,1
2023,19,Mexico City Grand Prix,65.0,1
2023,19,Mexico City Grand Prix,66.0,1
2023,19,Mexico City Grand Prix,67.0,12
2023,19,Mexico City Grand Prix,68.0,1
2023,19,Mexico City Grand Prix,69.0,1
2023,19,Mexico City Grand Prix,70.0,1
2023,19,Mexico City Grand Prix,71.0,1
2023,19,Mexico City Grand Prix,32.0,12
2023,19,Mexico City Grand Prix,33.0,24
2023,19,Mexico City Grand Prix,66.0,12
2023,19,Mexico City Grand Prix,67.0,21
2023,19,Mexico City Grand Prix,4.0,16
2023,19,Mexico City Grand Prix,5.0,671
2023,19,Mexico City Grand Prix,32.0,124
2023,19,Mexico City Grand Prix,33.0,4
2023,19,Mexico City Grand Prix,48.0,12
2023,19,Mexico City Grand Prix,49.0,21
2023,19,Mexico City Grand Prix,67.0,1
2023,20,São Paulo Grand Prix,1.0,124
2023,20,São Paulo Grand Prix,2.0,45
2023,20,São Paulo Grand Prix,3.0,1
2023,20,São Paulo Grand Prix,4.0,1
2023,20,São Paulo Grand Prix,5.0,1
2023,20,São Paulo Grand Prix,6.0,1
2023,20,São Paulo Grand Prix,7.0,1
2023,20,São Paulo Grand Prix,8.0,1
2023,20,São Paulo Grand Prix,9.0,1
2023,20,São Paulo Grand Prix,10.0,1
2023,20,São Paulo Grand Prix,11.0,1
2023,20,São Paulo Grand Prix,12.0,1
2023,20,São Paulo Grand Prix,13.0,1
2023,20,São Paulo Grand Prix,14.0,1
2023,20,São Paulo Grand Prix,15.0,1
2023,20,São Paulo Grand Prix,16.0,1
2023,20,São Paulo Grand Prix,17.0,1
2023,20,São Paulo Grand Prix,18.0,1
2023,20,São Paulo Grand Prix,19.0,1
2023,20,São Paulo Grand Prix,20.0,1
2023,20,São Paulo Grand Prix,21.0,1
2023,20,São Paulo Grand Prix,22.0,1
2023,20,São Paulo Grand Prix,23.0,1
2023,20,São Paulo Grand Prix,24.0,1
2023,20,São Paulo Grand Prix,25.0,1
2023,20,São Paulo Grand Prix,26.0,1
2023,20,São Paulo Grand Prix,27.0,1
2023,20,São Paulo Grand Prix,28.0,1
2023,20,São Paulo Grand Prix,29.0,1
2023,20,São Paulo Grand Prix,30.0,1
2023,20,São Paulo Grand Prix,31.0,1
2023,20,São Paulo Grand Prix,32.0,1
2023,20,São Paulo Grand Prix,33.0,1
2023,20,São Paulo Grand Prix,34.0,1
2023,20,São Paulo Grand Prix,35.0,1
2023,20,São Paulo Grand Prix,36.0,1
2023,20,São Paulo Grand Prix,37.0,1
2023,20,São Paulo Grand Prix,38.0,1
2023,20,São Paulo Grand Prix,39.0,1
2023,20,São Paulo Grand Prix,40.0,1
2023,20,São Paulo Grand Prix,41.0,1
2023,20,São Paulo Grand Prix,42.0,1
2023,20,São Paulo Grand Prix,43.0,1
2023,20,São Paulo Grand Prix,44.0,1
2023,20,São Paulo Grand Prix,45.0,1
2023,20,São Paulo Grand Prix,46.0,1
2023,20,São Paulo Grand Prix,47.0,1
2023,20,São Paulo Grand Prix,48.0,1
2023,20,São Paulo Grand Prix,49.0,1
2023,20,São Paulo Grand Prix,50.0,1
2023,20,São Paulo Grand Prix,51.0,1
2023,20,São Paulo Grand Prix,52.0,1
2023,20,São Paulo Grand Prix,53.0,1
2023,20,São Paulo Grand Prix,54.0,1
2023,20,São Paulo Grand Prix,55.0,1
2023,20,São Paulo Grand Prix,56.0,1
2023,20,São Paulo Grand Prix,57.0,1
2023,20,São Paulo Grand Prix,58.0,1
2023,20,São Paulo Grand Prix,59.0,1
2023,20,São Paulo Grand Prix,60.0,1
2023,20,São Paulo Grand Prix,61.0,1
2023,20,São Paulo Grand Prix,62.0,1
2023,20,São Paulo Grand Prix,63.0,1
2023,20,São Paulo Grand Prix,64.0,1
2023,20,São Paulo Grand Prix,65.0,1
2023,20,São Paulo Grand Prix,66.0,1
2023,20,São Paulo Grand Prix,67.0,1
2023,20,São Paulo Grand Prix,68.0,1
2023,20,São Paulo Grand Prix,69.0,1
2023,20,São Paulo Grand Prix,70.0,1
2023,20,São Paulo Grand Prix,71.0,1
2023,20,São Paulo Grand Prix,2.0,1
2023,21,Las Vegas Grand Prix,1.0,126
2023,21,Las Vegas Grand Prix,2.0,671
2023,21,Las Vegas Grand Prix,3.0,124
2023,21,Las Vegas Grand Prix,4.0,4
2023,21,Las Vegas Grand Prix,5.0,4
2023,21,Las Vegas Grand Prix,6.0,41
2023,21,Las Vegas Grand Prix,7.0,1
2023,21,Las Vegas Grand Prix,8.0,1
2023,21,Las Vegas Grand Prix,9.0,1
2023,21,Las Vegas Grand Prix,10.0,1
2023,21,Las Vegas Grand Prix,11.0,1
2023,21,Las Vegas Grand Prix,12.0,1
2023,21,Las Vegas Grand Prix,13.0,1
2023,21,Las Vegas Grand Prix,14.0,12
2023,21,Las Vegas Grand Prix,15.0,1
2023,21,Las Vegas Grand Prix,16.0,1
2023,21,Las Vegas Grand Prix,17.0,1
2023,21,Las Vegas Grand Prix,18.0,1
2023,21,Las Vegas Grand Prix,19.0,1
2023,21,Las Vegas Grand Prix,20.0,12
2023,21,Las Vegas Grand Prix,21.0,1
2023,21,Las Vegas Grand Prix,22.0,1
2023,21,Las Vegas Grand Prix,23.0,1
2023,21,Las Vegas Grand Prix,24.0,1
2023,21,Las Vegas Grand Prix,25.0,1
2023,21,Las Vegas Grand Prix,26.0,14
2023,21,Las Vegas Grand Prix,27.0,4
2023,21,Las Vegas Grand Prix,28.0,41
2023,21,Las Vegas Grand Prix,29.0,1
2023,21,Las Vegas Grand Prix,30.0,1
2023,21,Las Vegas Grand Prix,31.0,1
2023,21,Las Vegas Grand Prix,32.0,1
2023,21,Las Vegas Grand Prix,33.0,1
2023,21,Las Vegas Grand Prix,34.0,1
2023,21,Las Vegas Grand Prix,35.0,1
2023,21,Las Vegas Grand Prix,36.0,1
2023,21,Las Vegas Grand Prix,37.0,1
2023,21,Las Vegas Grand Prix,38.0,1
2023,21,Las Vegas Grand Prix,39.0,1
2023,21,Las Vegas Grand Prix,40.0,12
2023,21,Las Vegas Grand Prix,41.0,1
2023,21,Las Vegas Grand Prix,42.0,1
2023,21,Las Vegas Grand Prix,43.0,1
2023,21,Las Vegas Grand Prix,44.0,1
2023,21,Las Vegas Grand Prix,45.0,1
2023,21,Las Vegas Grand Prix,46.0,1
2023,21,Las Vegas Grand Prix,47.0,12
2023,21,Las Vegas Grand Prix,48.0,12
2023,21,Las Vegas Grand Prix,49.0,1
2023,21,Las Vegas Grand Prix,50.0,1
2023,21,Las Vegas Grand Prix,46.0,12
2023,21,Las Vegas Grand Prix,47.0,21
2023,21,Las Vegas Grand Prix,47.0,1
2023,21,Las Vegas Grand Prix,19.0,12
2023,21,Las Vegas Grand Prix,20.0,21
2023,21,Las Vegas Grand Prix,48.0,21
2023,22,Abu Dhabi Grand Prix,1.0,1
2023,22,Abu Dhabi Grand Prix,2.0,1
2023,22,Abu Dhabi Grand Prix,3.0,1
2023,22,Abu Dhabi Grand Prix,4.0,1
2023,22,Abu Dhabi Grand Prix,5.0,1
2023,22,Abu Dhabi Grand Prix,6.0,1
2023,22,Abu Dhabi Grand Prix,7.0,1
2023,22,Abu Dhabi Grand Prix,8.0,1
2023,22,Abu Dhabi Grand Prix,9.0,1
2023,22,Abu Dhabi Grand Prix,10.0,1
2023,22,Abu Dhabi Grand Prix,11.0,1
2023,22,Abu Dhabi Grand Prix,12.0,1
2023,22,Abu Dhabi Grand Prix,13.0,1
2023,22,Abu Dhabi Grand Prix,14.0,1
2023,22,Abu Dhabi Grand Prix,15.0,1
2023,22,Abu Dhabi Grand Prix,16.0,1
2023,22,Abu Dhabi Grand Prix,17.0,1
2023,22,Abu Dhabi Grand Prix,18.0,1
2023,22,Abu Dhabi Grand Prix,19.0,1
2023,22,Abu Dhabi Grand Prix,20.0,1
2023,22,Abu Dhabi Grand Prix,21.0,1
2023,22,Abu Dhabi Grand Prix,22.0,1
2023,22,Abu Dhabi Grand Prix,23.0,1
2023,22,Abu Dhabi Grand Prix,24.0,1
2023,22,Abu Dhabi Grand Prix,25.0,1
2023,22,Abu Dhabi Grand Prix,26.0,1
2023,22,Abu Dhabi Grand Prix,27.0,1
2023,22,Abu Dhabi Grand Prix,28.0,1
2023,22,Abu Dhabi Grand Prix,29.0,1
2023,22,Abu Dhabi Grand Prix,30.0,1
2023,22,Abu Dhabi Grand Prix,31.0,1
2023,22,Abu Dhabi Grand Prix,32.0,1
2023,22,Abu Dhabi Grand Prix,33.0,1
2023,22,Abu Dhabi Grand Prix,34.0,1
2023,22,Abu Dhabi Grand Prix,35.0,1
2023,22,Abu Dhabi Grand Prix,36.0,1
2023,22,Abu Dhabi Grand Prix,37.0,1
2023,22,Abu Dhabi Grand Prix,38.0,1
2023,22,Abu Dhabi Grand Prix,39.0,1
2023,22,Abu Dhabi Grand Prix,40.0,1
2023,22,Abu Dhabi Grand Prix,41.0,1
2023,22,Abu Dhabi Grand Prix,42.0,1
2023,22,Abu Dhabi Grand Prix,43.0,1
2023,22,Abu Dhabi Grand Prix,44.0,1
2023,22,Abu Dhabi Grand Prix,45.0,1
2023,22,Abu Dhabi Grand Prix,46.0,1
2023,22,Abu Dhabi Grand Prix,47.0,1
2023,22,Abu Dhabi Grand Prix,48.0,1
2023,22,Abu Dhabi Grand Prix,49.0,1
2023,22,Abu Dhabi Grand Prix,50.0,1
2023,22,Abu Dhabi Grand Prix,51.0,1
2023,22,Abu Dhabi Grand Prix,52.0,1
2023,22,Abu Dhabi Grand Prix,53.0,1
2023,22,Abu Dhabi Grand Prix,54.0,1
2023,22,Abu Dhabi Grand Prix,55.0,1
2023,22,Abu Dhabi Grand Prix,56.0,1
2023,22,Abu Dhabi Grand Prix,57.0,1
2023,22,Abu Dhabi Grand Prix,58.0,1
